{
  "interactionModel": {
    "languageModel": {
      "intents": [
        {
          "slots": [
            {
              "name": "Dato",
              "type": "ListaDeDatos"
            },
            {
              "name": "Pelicula",
              "type": "AMAZON.Movie"
            }
          ],
          "name": "ObtenerDatoPeliculaIntent",
          "samples": [
            "qwert {Dato} asdf {Pelicula}",
            "{Dato} de {Pelicula}",
            "dame el {Dato} de {Pelicula}",
            "cuál es el {Dato} de {Pelicula}",
            "cuál es la {Dato} de {Pelicula}",
            "quiero saber la {Dato} de {Pelicula}",
            "dame la {Dato} de {Pelicula}"
          ]
        },
        {
          "name": "AMAZON.HelpIntent",
          "samples": []
        },
        {
          "name": "AMAZON.CancelIntent",
          "samples": []
        },
        {
          "name": "AMAZON.StopIntent",
          "samples": []
        },
        {
          "slots": [
            {
              "name": "Pelicula",
              "type": "AMAZON.Movie"
            }
          ],
          "name": "ObtenerVotosIntent",
          "samples": [
            "cuantos votos hay en {Pelicula}",
            "número de votos de {Pelicula}"
          ]
        },
        {
          "slots": [
            {
              "name": "Pelicula",
              "type": "AMAZON.Movie"
            }
          ],
          "name": "ObtenerSinopsisIntent",
          "samples": [
            "de que va {Pelicula}",
            "de que va la pelicula {Pelicula}",
            "cual es el tema de {Pelicula}",
            "de que trata la película {Pelicula}",
            "de que trata {Pelicula}"
          ]
        },
        {
          "name": "AMAZON.NavigateHomeIntent",
          "samples": []
        }
      ],
      "types": [
        {
          "values": [
            {
              "name": {
                "synonyms": [
                  "valoración",
                  "valoracion"
                ],
                "value": "puntuación"
              }
            },
            {
              "name": {
                "value": "nota"
              }
            },
            {
              "name": {
                "value": "número de votos"
              }
            },
            {
              "name": {
                "value": "sinopsis"
              }
            },
            {
              "name": {
                "value": "director"
              }
            },
            {
              "name": {
                "value": "duración"
              }
            },
            {
              "name": {
                "value": "elenco"
              }
            },
            {
              "name": {
                "value": "guionistas"
              }
            }
          ],
          "name": "ListaDeDatos"
        }
      ],
      "invocationName": "scrapper peli"
    }
  }
}