{
  "manifest": {
    "apis": {
      "custom": {
        "endpoint": {
          "uri": "arn:aws:lambda:eu-west-1:183295410859:function:e5b39ffd-1bb8-4b7d-a72d-b1bf3ba31c39:Release_0"
        },
        "interfaces": [],
        "locales": {},
        "regions": {
          "NA": {
            "endpoint": {
              "uri": "arn:aws:lambda:us-east-1:183295410859:function:e5b39ffd-1bb8-4b7d-a72d-b1bf3ba31c39:Release_0"
            }
          },
          "EU": {
            "endpoint": {
              "uri": "arn:aws:lambda:eu-west-1:183295410859:function:e5b39ffd-1bb8-4b7d-a72d-b1bf3ba31c39:Release_0"
            }
          },
          "FE": {
            "endpoint": {
              "uri": "arn:aws:lambda:us-west-2:183295410859:function:e5b39ffd-1bb8-4b7d-a72d-b1bf3ba31c39:Release_0"
            }
          }
        }
      }
    },
    "manifestVersion": "1.0",
    "publishingInformation": {
      "distributionCountries": [],
      "isAvailableWorldwide": true,
      "locales": {
        "es-ES": {
          "name": "skill_1"
        }
      },
      "testingInstructions": "Sample Testing Instructions."
    }
  }
}